repo_url,author_or_team,inspection_level,claimed_result,claim_tier,pinned_commit_sha,last_relevant_update,license,model_artifacts,training_code,deck_lists,evaluation_code,engine_binaries_tracked,reproducibility_status,priority,notes
https://github.com/Ducdata1808/PTCG_Agent,Ducdata1808,cloned_skimmed,Search agent (README not fully read),Unverified,1fcb70e30aa6a43216c775c4f8c815bc95273d9f,2026-07-17,none at root,JSON weights (not parsed),partial,yes (39),yes (3),6,Unclear,P2,Tracks compiled engine files in a public repo
https://github.com/Jun-Morita/kaggle-ptcg-ai-battle,Jun-Morita,cloned_and_read,"LB 911.1 (361st of 6,882) on 2026-08-16; silver cut 914.4",Reported,727f1f80e2c54145462f5eefef6fb1bed0a2c98c,2026-09-09,MIT,"weights_pure.pkl x4 (51–57 MB; pickle, not loaded) + small data pickles",yes (17),yes (78),yes (105),23,"Huge experiment workspace; 1,505-line research log (Japanese)",P1,MIT. Logs >25 negative results; held-out top-k anti-correlated with game-gate strength six times; BC pilot (exp048a) lost badly; references a public 1034.6 search-augmented Alakazam notebook (not verified)
https://github.com/Lawliet-ai/ptcg-ai-battle-agent,Lawliet-ai,cloned_and_read,"1,002–997 over 1,999 ladder episodes (50.1%), 3,647/6,807; PIMC+PUCT tree ~ REINFORCE policy (52.9% vs 55.6%, p=0.81)",Reported,df17180dc9705469e691a944baff2c745437c354,2026-09-04,MIT,none,"yes (train/: REINFORCE self-play, tree gen, value net)",2 files,"yes (ab_ztest, arena_eval, loop_autopsy)",0,Code only; engine/weights/replays excluded,P0,"MIT. Strongest documented measurement-noise analysis (~35 games in first 8 h => +/-24 pp detectable; same bytes read 732 then 571 in one day; ""p>0.05 is a tie"")"
https://github.com/SiamRahman29/pokemon-tcg-agent,SiamRahman29 (Team Scio) — parent of your B-v1 policy,cloned_and_read,"Peak rank 129 of 6,483, score 990.7 (README)",Reported,6fcb5d0708d50b2133747a910849e7a4079c13e5,2026-08-26,none at root,"agents/sa/policy_net.npz (592,003 params), agents/sa/value_net.npz (420,481), out/tmp/sa/policy_net.npz (703,621) — shapes inspected only","yes (BC, mining, value, search)",yes,yes,0,Weights + code present; needs official SDK + card data,P0,No LICENSE file. Repo includes 5 real Simulation leaderboard snapshots (Aug 1–16) [Verified]. Reported: wall-clock MCTS lost (0.323); 160x uncurated rows -> 0.440; top-tier filtering +115 Elo; lethal guard +0.104
https://github.com/TomBombadyl/kaggle_pokemon,TomBombadyl,cloned_and_read,21 decoded ladder submissions (to 2026-06-26): only an official-sample Dragapult pilot (880.9) clears 800; best home-grown 660.5; RL+MCTS v5 580.6; leader then 1196.1,Reported (catalog file inspected),5e2116723004b6ed1985e90ae65f620c3513ddd4,2026-06-29,none at root,a few weight tarballs referenced (6 weight-like files),partial,yes (186 deck files),yes (20),0,Docs + code; early-ladder (June) snapshot,P1,No LICENSE file. Valuable negative evidence for naive RL+MCTS; period meta differs from today
https://github.com/abhiiiesh/PTCG-AI-Battle-Challenge,abhiiiesh,cloned_skimmed,none,Unverified,39619ed2beb3426d1c2e724110d7302dd30c2d40,2026-08-09,none at root,"best_model.pt, policy_net.pt (~13 MB each; not loaded)",partial (notebooks),0,no,0,Notebook-level,P2,No LICENSE file
https://github.com/hotorch/ptcg-ai-battle-strategy,hotorch,cloned_and_read,"742.8 / 700.2; 1,611th of 6,807",Reported,20f44d2b508ec88af45e639be26f8cece78a5fdf,2026-09-13,MIT,none,partial,yes (186),2 files,0,Code + ledger; rule-based,P2,"MIT. Intent-change auditing (65 intended changes, 0 collateral on 21,975 decisions)"
https://github.com/knightynite/ptcg-ai-battle-agent,knightynite,cloned_skimmed,"Measurement-method repo (decision diffs, paired worlds, pilot x deck audits)",Unverified,539e4f9630cfe6c2e0687be0694919ef9da1e426,2026-08-10,MIT,none,no,2,yes,0,Methodology only,P1,MIT. Useful for harness design
https://github.com/pckhoa206/kaggle_challenge_pokemon,pckhoa206,cloned_skimmed,none,Unverified,5f4d209af8ef289e95a16741129a01cb3685446a,2026-07-16,none at root,model.onnx (~28 KB; not parsed),partial,2,no,4,No README,P3,Tracks engine binaries
https://github.com/rahulsiiitm/ptcg-rl-agent,rahulsiiitm,cloned_and_read,Historical best 958.8 (Mega Lucario v19) but exact rerun saturated near 600; best RL/PPO submission 342.0,Reported (author caveat),e0b11f36d00d36219333a9ccd2cee818f1d8436d,2026-08-14,MIT,"models/ppo_weights.npz (778,390 params; shapes only), ppo_baseline.pth (not loaded)",partial,yes (68),yes (3),2,Code + small weights; engine files tracked,P2,MIT. Direct evidence of regression-to-the-mean / noise: same agent 958.8 then ~600
https://github.com/ronniepiku/pokemon-tcg-ai-battle-agent,ronniepiku,cloned_skimmed,"Heuristic + MCTS gating (early, June)",Unverified,db6b7c56b686a9f056e6e4aefca1c281fe4472ba,2026-06-23,Apache-2.0,none,no,1,1,1,Early-competition,P3,Apache-2.0; tracks one engine binary
https://github.com/scha54/Kaggle-Pokemon,scha54,cloned_skimmed,Claims 88.5% win rate vs greedy inside its OWN Python simulator; no ladder result located,Unverified (self-benchmark in custom simulator),5f9c8931b8fe6ba591ba257e4f530630b80eb54c,2026-09-13,none at root,none,no,1,yes,0,Own simulator is not engine-faithful,P3,Not evidence for the official ladder
https://github.com/wmh/ptcg-abc,wmh,cloned_skimmed,Rule-based; best ladder Elo 836 (bellibolt),Reported,982b2ca5a08bad55323aa30458a34889c83f220e,2026-08-20,none at root,none,no (rule-based),yes (22),yes,0,Code + deck lists,P2,No LICENSE file. Cheap sparring opponents
https://github.com/yijieyuan/kaggle-pokemon-tcg,"yijieyuan (Kaggle team ""Luca"" — inferred: repo deck hashes f38fb5/917977 match the final-Elo table)",cloned_and_read,"1st of 6,807 (Simulation); final Elo 1398.2 (f38fb5) and 1291.1 (917977)",Reported (writeup excerpt via search + author figures; deck hashes cross-match),5b6d99c5a425849e4686df0197af98ab50d84f68,2026-09-13,none at root,none,NOT released (README: code after the second round),yes: decks.xlsx = 646 decks (537 active/109 inactive); 3 final lists in tab16 figure,"no (tables only: arena ranking, win-rate tables)",0,"Spec-level only: feature specs (xlsx), hyperparameters, token limits, deck lists; no code, no weights",P0 (specification + numbers),Figures are SVG with glyph-paths; read by rendering to PNG. 2.24M-param 3-layer Transformer; ~365M games / ~59B decisions per final lineage; search tried and dropped
https://github.com/ApexBlue11/pokemon-tcg-ismcts-agent,ApexBlue11,cloned_skimmed,Rank ~1222 (per description); ISMCTS,Unverified,7e5c79f99058dd98b131652359822abe3abc2643,2026-08-31,MIT,35 weight files (~250k–380k params; shapes only),partial (6),yes (28),2,0,Small models + ISMCTS,P2,MIT
https://github.com/Builder106/tcg-cabt-lab,Builder106,cloned_skimmed,Compact 60-card agents; generalization to unseen decks (per description),Unverified,06098097f3224c3b6270756bb1e8fd491d3d5682,2026-10-05,MIT,none,no,0,0,0,Small,P2,MIT
https://github.com/CAB314/ptcg-ai-battle-agent,"CAB314 (team ""cabbage patch"")",cloned_and_read,"138th of 6,807; kangaskhan_dh 993.8, hydrapple_k2 932.6",Reported,b9d461a80007af74c6cad3386549fec369bf5764,2026-09-13,MIT,"agents/{kangaskhan_dh,hydrapple_k2}/weights.npz (~864k params each; shapes only) + cards.npz","YES (BC, PPO league, gauntlet; 18)",yes (47),yes (9),0,Pure-NumPy inference; weights included; engine external,P1,MIT. Every report number traced to a source file
https://github.com/Gabriel-notme/ptcg-ai-battle-journey,Gabriel-notme,cloned_skimmed,Final legal-action ranking agents (per description),Unverified,17c24de7056adcc89ffa71f30e70a03fb0a45641,2026-08-19,MIT,"gbdt.pkl x2 (19–20 MB; pickle, not loaded)",no,1,0,3,Pickled GBDT; engine binaries tracked,P2,MIT
https://github.com/KleinHoumani/ptcg-selfplay-agent,Klein Houmani,cloned_and_read,"18th of 6,807 (Sylveon, 1162.4); Dragapult variant 1039.1",Reported,b8df752546967c68d26267d3d47124bb0b6925bf,2026-09-13,MIT,none (weights not included),"YES: PPO self-play, 15 specialists/deck, naive-Bayes router, determinized PUCT",yes (2 final lists + Limitless analysis),partial (eval_panel probes),0,"Code complete minus weights/data; reported single RTX 4090 + 16 CPU workers (~85 s/iter); inference on 2 vCPU, no GPU",P0,MIT. 1.0M-param set transformer. Contribution of search vs router vs specialists NOT isolated in the repo
https://github.com/Leundai/cabt-replay-viewer,Leundai,cloned_skimmed,Replay viewer for cabt episodes,Unverified,b4db90f16ac49fe12ae87494b90b8014e76f7546,2026-06-22,MIT,none,no,0,0,0,Debug tool,P2,MIT
https://github.com/Michal1337/pkmn-kaggle,"Michal1337 (Kaggle ""Majkel1337"", rank 12; score 1186.4 matches)",cloned_and_read,"12th of 6,807, score 1186.4 (Alakazam + Dragapult/Dusknoir finetunes of a 20M generalist)",Reported (score cross-matches the 1st-place table),4fbf2c5d855061fb220db0110a55906118fd16e6,2026-09-13,none at root,none,"YES: rl/ (self-play PPO, teacher gating), native C encoder, BC + pool-mining + gate scripts","NO (4,941-deck pool mined from replays + Limitless; scrapers/scripts only)","yes (frozen-reference eval batteries, tests)",0,"Recipe-level reproducible; needs engine, replays, 4+ big GPUs for the full run",P0,"No LICENSE file. 11B env steps generalist + ~3B finetune steps per ship deck; 16.5k steps/s on 4xH200; two-net balanced finetune is the reported ""ship lever"""
https://github.com/NickZward/PTCG-AI-Challenge,NickZward,cloned_skimmed,"Self-play RL + imitation from ladder replays + ""honest evaluation"" (per description)",Unverified,28af16c6210b34ae7dbfc790d17a2ae677e88b68,2026-09-01,none at root,none,yes (51),yes (24),yes (19),0,"~1,161 tracked files",P2,No LICENSE file; not read
https://github.com/Paschal-titre4015/ptcg-population-rl,Paschal-titre4015,cloned_skimmed,Description claims C++ arena + GBDT + PPO (theme matches 24th-place writeup) — nothing verifiable,Unverified,4b50c92845dc2bbc8b7398467510009a3c0055fc,2026-10-09,Apache-2.0,"src/.../ptcg_rl_population_1.2.zip lists cli.exe, Application.bat, skey.txt (never extracted or run)",not verifiable,4,no,0,"README is a consumer ""download the Windows app"" page",UNSAFE,DO NOT download or run. Lure-style README + bundled executables; the real 24th-place writeup is on Kaggle (see matrix)
https://github.com/Rorical/PokeMoon-public,Rorical,cloned_and_read,Self-described bronze; public-only Transformer with recurrent memory + belief modelling; IMPALA/V-trace scale-out,Unverified (no rank stated),fdbb8467218c1655650735a252d2dc9ecab5eb78,2026-09-07,MIT,none,YES (59 src + 81 scripts),0,yes (27),0,Code + docs; data/engine external,P1,MIT. Heavy belief/recurrence code; no ablation read yet
https://github.com/SaltyTaro/gauntlet-ptcg,SaltyTaro,cloned_skimmed,Gate-suite reproduction package (per description),Unverified,4247d9effb1e60289d6be99dcad01f40a42fc3d0,2026-09-01,none at root,none,partial (8),0,yes (6),0,Unknown,P2,No LICENSE file
https://github.com/SebAustin/ptcg-ai-battle-challenge,SebAustin,cloned_skimmed,"Determinized IS-MCTS (June 23, early)",Unverified,99ae4a7958f33ec9e5da44becddcde0f6e93a2b3,2026-06-23,none at root,none,no,0,0,0,Early,P3,No LICENSE file
https://github.com/XERO47/ptcg-ai-battle-temporal-il,XERO47,cloned_and_read,"549th of 6,807, 880.1 final; earlier 997.3 (information-state IQL), 990.2 (IL)",Reported,b286dfe659cd13b1202a45d9d5ce3ce89fc5b867,2026-09-04,MIT,none,partial (1),0,no,0,Small repo,P1,MIT. Reports bit-identical relaunches differing by up to 216 rating points; offline gains did not transfer
https://github.com/YoInaOwO/pokemon-tcg-ai-battle-9th,"YoInaOwO (rank 9; probable match to ""Rmy"" Hydrapple ex b86657 — unverified)",cloned_and_read,"9th of 6,807; 7.8M-param policy, no MCTS at play time; Ogerpon–Hydrapple; ladder 57.3% over 2,000 games (53.5% Elo-matched)",Reported,b4b037c81de7cc1a91a27d1d7d9226a2dbe5ea35,2026-09-14,none at root,"models/hydra15038_model_weights.zip -> net.npz (28.96 MB, extracted unchanged from final submission)","YES: ptcg_rl (23 py) + tools (BC, value fine-tune, PPO with arena opponent pool)",partial (reports/training_archetypes.csv; decklist excluded),partial (analysis/tools),0,"Weights + code; engine, card DB, decklist and opponent prior excluded; needs original dependencies",P0,"No LICENSE file; NOTICE.md restricts engine/card-DB/replay redistribution. Engine-lookahead (28 probe features) feeds policy; MCTS and bigger net tried, no gain"
https://github.com/ZzzzHE-bit/pokemon-tcg-ai-gated-search,ZzzzHE-bit,cloned_skimmed,Gated one-turn search (per description),Unverified,ac5d067385e3a484b57ba0a60299fb17debeff46,2026-09-08,Apache-2.0,none,no,1,0,0,Small,P2,Apache-2.0
https://github.com/chukka-venugopalam/ptcg-ai-battle-research,chukka-venugopalam (you),cloned_and_read,Your research lab + Bv2_sym8 archive (Scio-derived B-v1 lineage),n/a,18a26aa81906958c853fb15a12543e6a295b7237,2026-10-07,none at root,submissions/2026-10-06/submission_Bv2_sym8.tar.gz,no,2,no,4,Contains pack + sources,ACTION,"Public repo TRACKS compiled engine binaries (ptcg_claude_agent_builder_pack/competition_sdk/cg/: cg.dll, libcg.so, libcg.dylib, libcg-arm64.so). 9th-place NOTICE states the engine ships under a competition-use-only license and may not be reposted. VERIFY the Playground data license; consider removing from the public repo and history"
https://github.com/dipamc/kaggle-ptcg-ai-battle,Dipam Chakraborty (team Unown Gradiant; rank 3 in the 1st-place final-Elo table),cloned_and_read,Final submission 55559155; team ranked 3rd (entries 1280.5 Hydrapple ex b86657 / 1226.4 Mega Kangaskhan ex — which entry is 55559155 is not stated),Reported (rank from the 1st-place author table; repo README),a176778d99da74a44b495bf19299b4795faf12f2,2026-09-13,MIT,"submission/model.pt (19.5 MB torch zip, not loaded); weights export tools; 616-deck pool + 87 coverage pool",YES: C env + CUDA policy network + patched PufferLib trainer; league banks; deck matrix; decklab,yes: 616 pool + 87 coverage + 6 anchors/5 candidates (718 deck files),yes: battery + arena + eval watcher,0,Best-documented reproducible training stack found; needs competition SDK + card sheet (not redistributed); NVIDIA GPU required,P0,"MIT. ~3.1M params (trunk 2.11M, critic 0.53M, aux-hand 0.49M per docs/model.md). Oracle critic (opponent hand) used only for value in training. Docs report ~16K steps/s on 8x RTX 4090 (d256), ~790 SPS on a 12 GB RTX 3060"
https://github.com/forone-ai/ptcg-great-tusk,forone-ai (team GO HIROSHIMA 2),cloned_and_read,"799.3, 1,150th of 6,807; rule policy + PUCT",Reported,2049049dc6c221d330ae583f062fda230ead15e9,2026-09-14,MIT,none,no,2,1,0,"Code + 7,006 labelled ladder games",P2,MIT. Useful labelled-games dataset format
https://github.com/horno1337/ptcg-agent,horno1337,cloned_and_read,"GitHub description ""Top 569"" (README states no rank)",Unverified,a2e28936d746801077e777ec5316a98e08230dda,2026-09-16,MIT,~14 npz weight files (189k–4.2M params),YES (114),yes (11),yes (129),0,Torch-free NumPy agent; engine external; docs/research-log.md,P1,"MIT. Design claim: ""RL from scratch lost; imitation from a curated, provenance-locked replay corpus won"""
https://github.com/kento-umeda-biz/kaggle-ptcg-solution,kento-umeda-biz,cloned_and_read,"468th of 6,807 (bronze); final 896.9 / 884.7; in-period best 993.3",Reported,929545fe6c9ce2ef4b87e20d406ae3d605d93ac5,2026-09-08,MIT,src/solution/card_attrs.pt only,yes (7),yes (16),yes (4),0,Code + candid negative-result log (Japanese),P1,MIT. Final < in-period peak because final re-converges all teams' last two submissions
https://github.com/lamanbo22/Kaggle-pokemon-tcg-agent,Enci Zhang (lamanbo22),cloned_and_read,Two 6.53M-param Transformer/GRU policies; Bayesian posterior over 160 deck hypotheses; routed specialists; optional info-set search,Unverified (no rank/score in README),f5f014df5a6fd156d8b64b191df6573759e2e09f,2026-10-07,none at root,"candidate_policy.pt, opponent_routed_policy.pt (~26 MB each; not loaded)",partial (2),1 (deck.csv),partial (results/ dir),0,CPU inference release; replay demo needs no engine,P1,No LICENSE file; checkpoints are the only released trained models of this size class besides 9th place
https://github.com/lionkyle/PTCG-AI-Battle-Challenge-Dragapult-ex-bot,lionkyle,cloned_skimmed,Dragapult ex bot (per description),Unverified,76c1d3faa12d86ad45d8be4d4f539fc6cbc27ce4,2026-09-03,none at root,none,partial (3),yes (4),1,0,Small,P2,No LICENSE file
https://github.com/marcmaldonadolorca/pokemon-tcg-battle-agent,marcmaldonadolorca,cloned_and_read,"1,328th (690.7/643.3); compares heuristic / MCTS / policy cloning with 95% CIs; best local candidate never submitted",Reported,cefab255cca9e6df607f7056d8bf650db098988a,2026-10-06,MIT,none,no,2,"yes (arena.py, gauntlet.py)",0,Code + reports,P2,MIT. Process lesson: unsubmitted best-local agent
https://github.com/muran169633/ptcg-ai-battle-simulation,muran169633,cloned_and_read,Self-described silver; BC + PPO on a pure-JAX rules engine (8xA100),Unverified (no rank stated),8996b09078caaed6a9bafed600018f633218774b,2026-09-11,none at root,none,YES (very large: ~390 tools files),yes (8),yes (8),0,JAX engine is a re-implementation checked against the official C++ engine as oracle; Chinese-language docs,P1,No LICENSE file. Training-only infrastructure; parity with official engine not independently checked
https://github.com/oscar-chw/ptcg-ai-battle,oscar-chw,cloned_and_read,"2,043rd of 6,807, 709.1; set-transformer imitation; PPO not submitted; ~110M steps/s GPU prototype of a SIMPLIFIED game",Reported,45f2703e919a458773bf5f77dc76d32d8f380e21,2026-10-08,MIT,none,yes (21),0,yes,0,"Verification-heavy (Wilson CIs, package gates)",P2,MIT. Value head Brier 0.5771 vs 0.4870 constant baseline in one run (worse than no skill)
https://github.com/shintaro-amaike/pokemon-tcg-ai-battle-bronze-medal,shintaro-amaike,cloned_skimmed,Bronze medal (per description),Unverified,dfa9674d60ae4a173d7676f4d1900cbc4e9edfd0,2026-09-10,none at root,none,partial (2),2,0,0,Small,P2,No LICENSE file
https://github.com/squidistaken/pokemon-tcg-ai,squidistaken (team Slopémon),cloned_and_read,"168th of 6,807 (silver), 980 Elo over 26 scored submissions",Reported,12aa1294797eb8fdfd74842850f1252c60e63434,2026-09-13,MIT,none (test fixtures only),yes (52 files; slurm configs),example + scraper; decks via GitHub Releases,yes (5),0,uv project; engine external,P1,MIT. PFSP-related keywords in 15 files (not read)
https://github.com/taichiiiiiiii/PTCG-AI-Battle-Challenge-Simulation-public,taichiiiiiiii,cloned_and_read,Final pair e60 / D7: 4-model offline imitation ensembles piloting Kangaskhan decks,Unverified (rank not stated),fba3bac05040f3c3a4f087d74ed7f30c8a22eee8,2026-09-23,none at root,"final/models/{e60,d7}/*.pt x8 (0.5–0.7 MB; not loaded)",partial (4),1,2,0,Models + code; SDK not redistributed,P2,No LICENSE file
https://github.com/tangaii/Kaggle---PTCG-AI-Battle-Challenge-Simulation-Bronze-Medal-Solution,tangaii,cloned_and_read,"358th of 6,807 (bronze); supervised grouped legal-option ranker",Reported,147f95e3d74afa9a0f855573b3bdf68382ca9a91,2026-09-01,MIT,none (bronze model not redistributed),yes (grouped-ranking training + export/parity tools),no,partial (tests),0,Method release; CPU only; explicitly not a full reproducible package,P1,MIT. Reference for listwise ranking head
https://github.com/tawdesangeeta1973-coder/ptcg-belief-mcts,tawdesangeeta1973-coder,cloned_skimmed,none (no README; 10 files) despite 31 stars in search metadata,Unverified,6bf101b942d172b95fe3bafe9f37e66ec5c17260,2026-09-10,MIT,none,no,1,1,0,Cannot assess,P3,Star count unusual for an undocumented repo
https://github.com/wrqdoc/PokemonTCG-Kaggle,wrqdoc,cloned_skimmed,DFS-enhanced BC agent (per description),Unverified,e2bf28c4e8893cbaba614fa8cdf1470ecbd02517,2026-10-05,none at root,agent/model.pt (7.5 MB; not loaded),partial (2),1,0,2,Small,P2,Tracks engine binaries
https://github.com/ayushshuklaivyleague-jpg/pokemon-tcg-ai-battle,ayushshuklaivyleague-jpg,discovered_via_GitHub_search_not_inspected,Competitive AI Champions & Simulation Engine for the Pokémon Trading Card Game AI Battle Simulation Challenge ,Unverified,,2026-10-08,MIT,unknown,unknown,unknown,unknown,,not inspected,unrated,stars=0
https://github.com/dingma-lang/Ai-ptcg-agent-and-cabt-like-environment-for-mac-users,dingma-lang,discovered_via_GitHub_search_not_inspected,"When I was trying to improve my ptcg ai agent for kaggle competition, the cabt environment they made was not s",Unverified,,2026-10-07,unknown,unknown,unknown,unknown,unknown,,not inspected,unrated,stars=0
https://github.com/Fred-CodeCrafts/tcg-pokemon-kaggle,Fred-CodeCrafts,discovered_via_GitHub_search_not_inspected,Pokemon TCG Kaggle analysis and battle agents,Unverified,,2026-10-01,unknown,unknown,unknown,unknown,unknown,,not inspected,unrated,stars=0
https://github.com/Paschal-titre4015/paschal-titre4015.github.io,Paschal-titre4015,discovered_via_GitHub_search_not_inspected,"Train population-based RL agents for Pokémon TCG AI Battle with C++ arena, GBDT imitation, Transformer distill",Unverified,,2026-09-28,unknown,unknown,unknown,unknown,unknown,,not inspected,unrated,stars=0
https://github.com/jbamigbade/PTCG_AI_Battle_Challenge,jbamigbade,discovered_via_GitHub_search_not_inspected,"End-to-end AI battle agent for The Pokémon Company PTCG AI Battle Challenge, including data engineering, ML/RL",Unverified,,2026-09-27,unknown,unknown,unknown,unknown,unknown,,not inspected,unrated,stars=0
https://github.com/MBaschi/Pokemon-AI-Battle,MBaschi,discovered_via_GitHub_search_not_inspected,Repo for the The Pokémon Company - PTCG AI Battle Challenge Simulation: https://www.kaggle.com/competitions/po,Unverified,,2026-09-24,unknown,unknown,unknown,unknown,unknown,,not inspected,unrated,stars=0
https://github.com/sarwadnyjawale/pokemon-tcg-ai-battle-challenge-strategy,sarwadnyjawale,discovered_via_GitHub_search_not_inspected,"We built a deterministic Pokémon TCG AI using semantic state extraction, strategic action ranking, tempo analy",Unverified,,2026-09-13,NOASSERTION,unknown,unknown,unknown,unknown,,not inspected,unrated,stars=0
https://github.com/gnaneshwar2366/Poke-war-TCG,gnaneshwar2366,discovered_via_GitHub_search_not_inspected,"A multiplayer Pokémon TCG platform with card collecting, booster packs, trading, marketplace features, and AI ",Unverified,,2026-09-13,unknown,unknown,unknown,unknown,unknown,,not inspected,unrated,stars=0
https://github.com/dragonbra/pokemon-tcg-ai-battle,dragonbra,discovered_via_GitHub_search_not_inspected,Pokémon TCG AI Battle Challenge research and baseline workspace,Unverified,,2026-09-13,unknown,unknown,unknown,unknown,unknown,,not inspected,unrated,stars=1
https://github.com/dezcalimese/pokemon-tcg-agent,dezcalimese,discovered_via_GitHub_search_not_inspected,"A competitive Pokémon TCG AI agent built for the Kaggle AI Battle Challenge. Uses expert heuristics, opponent ",Unverified,,2026-09-13,unknown,unknown,unknown,unknown,unknown,,not inspected,unrated,stars=0
https://github.com/TheREALCleo/PTCG-AI-Battle-Challenge,TheREALCleo,discovered_via_GitHub_search_not_inspected,Build an AI Training Agent to play the Pokémon Trading Card Game.,Unverified,,2026-09-13,MIT,unknown,unknown,unknown,unknown,,not inspected,unrated,stars=0
https://github.com/BartvonMeijenfeldt/kaggle_pokemon_tcg_ai_battle,BartvonMeijenfeldt,discovered_via_GitHub_search_not_inspected,,Unverified,,2026-09-13,unknown,unknown,unknown,unknown,unknown,,not inspected,unrated,stars=1
https://github.com/porply1/pokemon-tcg-ai-battle,porply1,discovered_via_GitHub_search_not_inspected,Final R229 Pokemon TCG agent: R218 policy with Lucario-Archaludon corrections,Unverified,,2026-09-12,unknown,unknown,unknown,unknown,unknown,,not inspected,unrated,stars=0
https://github.com/nhdzTVlxb/The-Pok-mon-Company---PTCG-AI-Battle-Challenge-Simulation,nhdzTVlxb,discovered_via_GitHub_search_not_inspected,Build an AI Training Agent to play the Pokémon Trading Card Game,Unverified,,2026-09-12,MIT,unknown,unknown,unknown,unknown,,not inspected,unrated,stars=2
https://github.com/HIAPPtitude-owner/ptcg-ai-battle-challenge,HIAPPtitude-owner,discovered_via_GitHub_search_not_inspected,,Unverified,,2026-09-12,NOASSERTION,unknown,unknown,unknown,unknown,,not inspected,unrated,stars=0
https://github.com/shuichi-kudo/pokemon-tcg-rule-based-agents,shuichi-kudo,discovered_via_GitHub_search_not_inspected,Final rule-based agents for the Pokémon TCG AI Battle Challenge,Unverified,,2026-09-11,unknown,unknown,unknown,unknown,unknown,,not inspected,unrated,stars=0
https://github.com/Dineshkumar0705/The-Pok-mon-Company---PTCG-AI-Battle-Challenge-Strategy-AI-agent,Dineshkumar0705,discovered_via_GitHub_search_not_inspected,"Pokémon TCG AI agent for the PTCG AI Battle Challenge, built on the real cg battle engine: v1 frozen baseline ",Unverified,,2026-09-11,unknown,unknown,unknown,unknown,unknown,,not inspected,unrated,stars=0
https://github.com/saulo1112/PTCG-AI-BATTLE,saulo1112,discovered_via_GitHub_search_not_inspected,,Unverified,,2026-09-10,unknown,unknown,unknown,unknown,unknown,,not inspected,unrated,stars=0
https://github.com/farid-khelil/Pok-mon-PTCG-AI-Battle-Challenge,farid-khelil,discovered_via_GitHub_search_not_inspected,,Unverified,,2026-09-10,MIT,unknown,unknown,unknown,unknown,,not inspected,unrated,stars=0
https://github.com/amru13tha-del/Pokemon-TCG-AI-Battle,amru13tha-del,discovered_via_GitHub_search_not_inspected,,Unverified,,2026-09-10,unknown,unknown,unknown,unknown,unknown,,not inspected,unrated,stars=0
https://github.com/akshatas28/pokemon-tcg-ai-battle-strategy,akshatas28,discovered_via_GitHub_search_not_inspected,"PRISM - a strategic AI system for the Pokémon TCG AI Battle Challenge, combining card intelligence, adaptive d",Unverified,,2026-09-09,unknown,unknown,unknown,unknown,unknown,,not inspected,unrated,stars=0
https://github.com/maco-macoo/kaggle-ptcg-ai-battle-solution,maco-macoo,discovered_via_GitHub_search_not_inspected,Provisional 228th-place solution to the Kaggle PTCG AI Battle Challenge simulation competition,Unverified,,2026-09-08,MIT,unknown,unknown,unknown,unknown,,not inspected,unrated,stars=0
https://github.com/bonosocial/ptcg-ai-battle-rl,bonosocial,discovered_via_GitHub_search_not_inspected,,Unverified,,2026-09-08,unknown,unknown,unknown,unknown,unknown,,not inspected,unrated,stars=1
https://github.com/LucaZanatta/ptcg_ai_battle,LucaZanatta,discovered_via_GitHub_search_not_inspected,,Unverified,,2026-09-08,unknown,unknown,unknown,unknown,unknown,,not inspected,unrated,stars=0
https://github.com/sertru1000-cpu/ptcg-ai-battle-challenge,sertru1000-cpu,discovered_via_GitHub_search_not_inspected,,Unverified,,2026-09-06,unknown,unknown,unknown,unknown,unknown,,not inspected,unrated,stars=0
https://github.com/harishmore812-bot/PTCG-AI-Battle-Strategy-Lab.2,harishmore812-bot,discovered_via_GitHub_search_not_inspected,"AI-powered research and experimentation platform for Pokémon TCG strategy. Analyze deck performance, train AI ",Unverified,,2026-09-06,unknown,unknown,unknown,unknown,unknown,,not inspected,unrated,stars=0
https://github.com/harishmore812-bot/PTCG-AI-Battle-Strategy-Lab-play,harishmore812-bot,discovered_via_GitHub_search_not_inspected,"AI-powered research and experimentation platform for Pokémon TCG strategy. Analyze deck performance, train AI ",Unverified,,2026-09-06,MIT,unknown,unknown,unknown,unknown,,not inspected,unrated,stars=0
https://github.com/hunghy93-pixel/ptcg-strategy-figures,hunghy93-pixel,discovered_via_GitHub_search_not_inspected,Charts for the PTCG AI Battle Challenge 2026 Strategy writeup (Team Substitute99),Unverified,,2026-09-05,unknown,unknown,unknown,unknown,unknown,,not inspected,unrated,stars=0
https://github.com/Ryutomy/PTCG-AI-Battle-Challenge-Simulation,Ryutomy,discovered_via_GitHub_search_not_inspected,First My Medals in Kaggle Competiton,Unverified,,2026-09-05,unknown,unknown,unknown,unknown,unknown,,not inspected,unrated,stars=0
https://github.com/khannadhruv7282007-beep/PTCG-AI-Battle-Challenge,khannadhruv7282007-beep,discovered_via_GitHub_search_not_inspected,,Unverified,,2026-09-03,unknown,unknown,unknown,unknown,unknown,,not inspected,unrated,stars=0
https://github.com/yohoten/PTCG-AI-Battle-Challenge-Strategy,yohoten,discovered_via_GitHub_search_not_inspected,PTCG AI Battle Challenge Strategy-kaggle,Unverified,,2026-09-02,unknown,unknown,unknown,unknown,unknown,,not inspected,unrated,stars=0
https://github.com/qamro/pokemon-tcg-ai-battle,qamro,discovered_via_GitHub_search_not_inspected,"An AI-powered strategy agent built for the Pokémon Trading Card Game (TCG) Battle Challenge on Kaggle, designe",Unverified,,2026-08-29,unknown,unknown,unknown,unknown,unknown,,not inspected,unrated,stars=1
https://github.com/riq773/PTCG-AI-Battle-Challenge-Strategy,riq773,discovered_via_GitHub_search_not_inspected,A Hierarchical Reinforcement Learning (HRL) agent for the Pokémon TCG AI Battle Challenge. Executes a 'Sponge ,Unverified,,2026-08-27,unknown,unknown,unknown,unknown,unknown,,not inspected,unrated,stars=0
https://github.com/omerfarooq223/pokemon-tcg-ai-battle-agent,omerfarooq223,discovered_via_GitHub_search_not_inspected,"A highly optimized, rule-based, and state-aware AI decision engine developed for Kaggle's Pokémon TCG AI Battl",Unverified,,2026-08-26,MIT,unknown,unknown,unknown,unknown,,not inspected,unrated,stars=0
https://github.com/mracy/ptcg-ai-battle-mega-lucario,mracy,discovered_via_GitHub_search_not_inspected,Kaggle Pokémon TCG AI Battle Challenge — Heuristic energy-acceleration agent using Mega Lucario ex with contex,Unverified,,2026-08-24,unknown,unknown,unknown,unknown,unknown,,not inspected,unrated,stars=0
https://github.com/crustaceano/PokemonAiAgent,crustaceano,discovered_via_GitHub_search_not_inspected,An AI bot for a Kaggle competition https://www.kaggle.com/competitions/pokemon-tcg-ai-battle,Unverified,,2026-08-22,MIT,unknown,unknown,unknown,unknown,,not inspected,unrated,stars=0
https://github.com/tim-inzitari/poke-bot-agent,tim-inzitari,discovered_via_GitHub_search_not_inspected,Code for team Challengestone on Kaggle Pokemon TCG AI Contest,Unverified,,2026-08-17,MIT,unknown,unknown,unknown,unknown,,not inspected,unrated,stars=0
https://github.com/Maxsever12/PTCG-AI-Battle-Agent-Trainer,Maxsever12,discovered_via_GitHub_search_not_inspected,"An PTCG AI Battle Agent Trainer, that trains an RL agent to receive an observation from a simulator and make a",Unverified,,2026-08-17,unknown,unknown,unknown,unknown,unknown,,not inspected,unrated,stars=0
https://github.com/wuisabel-gif/pokemon_tcg_ai_battle,wuisabel-gif,discovered_via_GitHub_search_not_inspected,"Mega Lucario ex heuristic agent for the Pokémon TCG AI Battle Challenge, with replay diagnostics, self-play ev",Unverified,,2026-08-16,unknown,unknown,unknown,unknown,unknown,,not inspected,unrated,stars=0
https://github.com/varadarajjborkar/Pokemon_TCGP_Agents,varadarajjborkar,discovered_via_GitHub_search_not_inspected,kaggle competition. rank: 15xx,Unverified,,2026-08-16,unknown,unknown,unknown,unknown,unknown,,not inspected,unrated,stars=0
https://github.com/jcoronelcortes/TCG-AI,jcoronelcortes,discovered_via_GitHub_search_not_inspected,"A heuristic agent that plays the Pokémon Trading Card Game, built for the Kaggle PTCG AI Battle Challenge. No ",Unverified,,2026-08-16,MIT,unknown,unknown,unknown,unknown,,not inspected,unrated,stars=0
https://github.com/teddytennant/tempo,teddytennant,discovered_via_GitHub_search_not_inspected,Agent for the Pokémon TCG AI Battle Challenge (Kaggle × The Pokémon Company),Unverified,,2026-08-15,unknown,unknown,unknown,unknown,unknown,,not inspected,unrated,stars=0
https://github.com/sota1111/ptcg-agent-gpt,sota1111,discovered_via_GitHub_search_not_inspected,Reproducible local workspace for the Kaggle Pokémon TCG AI Battle challenge,Unverified,,2026-08-10,MIT,unknown,unknown,unknown,unknown,,not inspected,unrated,stars=0
https://github.com/sutesute0000/ptcg-ai-battle-lopunny,sutesute0000,discovered_via_GitHub_search_not_inspected,Pokémon TCG AI Battle Challenge — Mega Lopunny ex agent (Kaggle simulation track),Unverified,,2026-08-09,unknown,unknown,unknown,unknown,unknown,,not inspected,unrated,stars=0
https://github.com/sMyn42/pokemon_tcg_ai,sMyn42,discovered_via_GitHub_search_not_inspected,Repo for setting up the experiments and AI agents for the Kaggle Pokemon TCG AI competition,Unverified,,2026-08-09,unknown,unknown,unknown,unknown,unknown,,not inspected,unrated,stars=0
https://github.com/SyedMuhammadHunain/pokemon-tcg-ai-challenge,SyedMuhammadHunain,discovered_via_GitHub_search_not_inspected,Kaggle Pokémon TCG AI Battle Challenge submission (Simulation Agent + Strategy Report) built with ADK 2.0 and ,Unverified,,2026-08-03,unknown,unknown,unknown,unknown,unknown,,not inspected,unrated,stars=0
https://github.com/tuannm3812/kaggle-pokemon-tcg-ai-battle,tuannm3812,discovered_via_GitHub_search_not_inspected,"Kaggle Pokémon TCG AI Battle simulation agents, matchup evaluation, submission packaging, and experiment track",Unverified,,2026-07-18,unknown,unknown,unknown,unknown,unknown,,not inspected,unrated,stars=0
https://github.com/fullvaluedan/ptcg-abc,fullvaluedan,discovered_via_GitHub_search_not_inspected,Autonomous self-improving agent for the Kaggle Pokemon TCG AI Battle Challenge (cabt Engine). Private during t,Unverified,,2026-07-16,unknown,unknown,unknown,unknown,unknown,,not inspected,unrated,stars=0
