claim_id,claim,tier,source_url,author_or_team,date_or_commit,competition_track,evidence_note,check_to_falsify
C01,"1st of 6,807; final Elo 1398.2 (f38fb5), 1291.1 (917977)",Reported,https://www.kaggle.com/competitions/pokemon-tcg-ai-battle-challenge-strategy/writeups/new-writeup-1784257142000,Luca,repo 5b6d99c,Simulation,Writeup excerpt + tab17 figure agree,Kaggle final leaderboard page
C02,"PTCGNet 2,235,649 params, 3-layer Transformer d256, <=141 tokens, pointer head",Verified (author figure/table),https://github.com/yijieyuan/kaggle-pokemon-tcg,Luca,5b6d99c,Simulation,"Fig.2, Table 6 rendered and read",Code release
C03,"f38fb5 lineage: 364.2M games, 58.84B decisions, 445,700 updates",Verified (author table),https://github.com/yijieyuan/kaggle-pokemon-tcg,Luca,5b6d99c,Simulation,Table 15,Code/logs release
C04,Search in training and inference did not sufficiently help (1st),Reported,https://www.kaggle.com/competitions/pokemon-tcg-ai-battle-challenge-strategy/writeups/new-writeup-1784257142000,Luca,excerpt,Simulation,Search excerpt of writeup section 7,Full writeup
C05,"1st code not released (""after the second round"")",Verified,https://github.com/yijieyuan/kaggle-pokemon-tcg,Luca,5b6d99c,Simulation,README text,Repo update
C06,3rd-place stack: C/CUDA env + CUDA policy in PufferLib; ~3.1M params; oracle critic training-only,Verified (docs),https://github.com/dipamc/kaggle-ptcg-ai-battle,Unown Gradiant,a176778,Simulation,"docs/model.md, docs/training.md",Run their tests
C07,~16K steps/s on 8x RTX 4090 (d256); ~790 SPS on RTX 3060 12GB,Reported,https://github.com/dipamc/kaggle-ptcg-ai-battle,Unown Gradiant,a176778,Simulation,Docs-stated throughput,Benchmark
C08,"7th: ~10.7M params, GRU belief core, league of 110 exploiters, 3.6B decisions on one RTX 4090 learner",Reported,https://www.kaggle.com/competitions/pokemon-tcg-ai-battle-challenge-strategy/writeups/7th-place-solution-for-the-ptcg-ai-battle-challeng,unnamed,~Sep 2026,Simulation,Search excerpts,Full writeup
C09,7th: hand-written rules/mechanical teachers cost up to 36 pts; training search gave nothing,Reported,https://www.kaggle.com/competitions/pokemon-tcg-ai-battle-challenge-strategy/writeups/7th-place-solution-for-the-ptcg-ai-battle-challeng,unnamed,~Sep 2026,Simulation,Search excerpts,Full writeup
C10,9th: 7.8M params; engine lookahead features (28); MCTS no gain; ladder 57.3% / 53.5% Elo-matched,Reported,https://github.com/YoInaOwO/pokemon-tcg-ai-battle-9th,YoInaOwO,b4b037c,Simulation,reports/writeup_en.md,Reproduce with weights
C11,9th: training win rate 52.4%->83.3% vs BC pool does not equal ladder strength,Reported,https://github.com/YoInaOwO/pokemon-tcg-ai-battle-9th,YoInaOwO,b4b037c,Simulation,Same writeup,Re-evaluate vs fresh opponents
C12,"12th: 20M params, 12M-decision BC warm start, ~11B steps on 4xH200 at 16.5k steps/s, two-net finetune",Reported,https://github.com/Michal1337/pkmn-kaggle,Michal1337,4fbf2c5,Simulation,WRITEUP.md; score 1186.4 matches tab17 Majkel1337,Reproduce
C13,"18th: 1.0M-param PPO, 15 specialists/deck, naive-Bayes router, determinized PUCT; 1x RTX 4090",Reported,https://github.com/KleinHoumani/ptcg-selfplay-agent,KleinHoumani,b8df752,Simulation,README; no ablation,Ablate search/router/specialists
C14,24th: GBDT teacher -> Transformer distillation -> population PPO; ~1M params; C++ inference ~1ms,Reported,https://www.kaggle.com/competitions/pokemon-tcg-ai-battle/writeups/24th-solution-a-population-based-rl-ecosystem,unnamed,2026-09-12,Simulation,Search excerpts,Full writeup
C15,"Simulation leaderboard snapshots: >=1000 = 110 of 6,878 teams on 2026-08-16; top 1286.4",Verified,https://github.com/SiamRahman29/pokemon-tcg-agent,Scio repo,6fcb5d0,Simulation,Computed by leaderboard_snapshots.py from CSVs,Re-run script
C16,Final top-15 table (decks and Elo per entry),Verified figure / Reported values,https://github.com/yijieyuan/kaggle-pokemon-tcg,Luca,5b6d99c,Simulation,Transcribed from rendered SVG; possible errors,Compare to Kaggle final standings
C17,Scio: top-tier filtering +115 Elo; 160x uncurated rows -> 0.440; wall-clock MCTS 0.323; lethal guard +0.104,Reported,https://github.com/SiamRahman29/pokemon-tcg-agent,Scio,6fcb5d0,Simulation,README findings,Re-run on your baseline
C18,Held-out top-k anti-correlated with game-gate strength (6 logged occurrences),Reported,https://github.com/Jun-Morita/kaggle-ptcg-ai-battle,Jun-Morita,727f1f8,Simulation,README log text,Spearman over your checkpoints
C19,Noise: ~35 games/8h; identical bytes 12-18 pts apart; 732 -> 571 in a day; day swing 43 pts ~ 600 places,Reported,https://github.com/Lawliet-ai/ptcg-ai-battle-agent,Lawliet-ai,df17180,Simulation,README,Two bit-identical control copies
C20,Bit-identical relaunches differ by up to 216 rating points,Reported,https://github.com/XERO47/ptcg-ai-battle-temporal-il,XERO47,pinned in manifest,Simulation,README,Control copies
C21,Exact rerun of a 958.8 agent saturated near 600; best RL/PPO 342.0,Reported,https://github.com/rahulsiiitm/ptcg-rl-agent,rahulsiiitm,pinned in manifest,Simulation,README,Rerun
C22,"PIMC+PUCT tree ~ REINFORCE policy (55.6% vs 52.9%, p=0.81); tree 6 s vs 0.3 ms",Reported,https://github.com/Lawliet-ai/ptcg-ai-battle-agent,Lawliet-ai,df17180,Simulation,docs/EXPERIMENTS,Rerun
C23,"Playground replay feed: daily top episodes by average agent rating, <=20 GiB/day",Reported,https://www.kaggle.com/datasets/kaggle/the-pokemon-company-ptcg-ai-battle-challenge-playground-episodes-2026-10-01,Kaggle,2026-10-01,Playground,Dataset page excerpt,Open the dataset
C24,Playground leader reading ~1135.7,"User-stated, unverified",n/a,user,2026-10,Playground,Not retrievable by me,Check leaderboard
C25,Engine license is competition-use-only and may not be reposted,Reported,https://github.com/YoInaOwO/pokemon-tcg-ai-battle-9th,YoInaOwO NOTICE.md,b4b037c,Simulation,NOTICE text quoted by author,Read Playground data license
C26,Public repo chukka-venugopalam/ptcg-ai-battle-research tracks cg engine binaries,Verified,https://github.com/chukka-venugopalam/ptcg-ai-battle-research,user,pinned in manifest,n/a,git ls-files,git ls-files
C27,Paschal-titre4015/ptcg-population-rl bundles executables behind a lure-style README,Verified (listing only),https://github.com/Paschal-titre4015/ptcg-population-rl,Paschal-titre4015,pinned in manifest,n/a,"Archive members listed, never extracted",Do not run
