repo,url,pinned_commit_sha,last_commit_date,license_file,license_type_guess,tracked_files,engine_binaries_tracked,weight_like_files
Ducdata1808/PTCG_Agent,https://github.com/Ducdata1808/PTCG_Agent,1fcb70e30aa6a43216c775c4f8c815bc95273d9f,2026-07-17,,,346,6,0
Jun-Morita/kaggle-ptcg-ai-battle,https://github.com/Jun-Morita/kaggle-ptcg-ai-battle,727f1f80e2c54145462f5eefef6fb1bed0a2c98c,2026-09-09,LICENSE,MIT,1851,23,25
Lawliet-ai/ptcg-ai-battle-agent,https://github.com/Lawliet-ai/ptcg-ai-battle-agent,df17180dc9705469e691a944baff2c745437c354,2026-09-04,LICENSE,MIT,59,0,0
SiamRahman29/pokemon-tcg-agent,https://github.com/SiamRahman29/pokemon-tcg-agent,6fcb5d0708d50b2133747a910849e7a4079c13e5,2026-08-26,,,874,0,3
TomBombadyl/kaggle_pokemon,https://github.com/TomBombadyl/kaggle_pokemon,5e2116723004b6ed1985e90ae65f620c3513ddd4,2026-06-29,,,588,0,6
abhiiiesh/PTCG-AI-Battle-Challenge,https://github.com/abhiiiesh/PTCG-AI-Battle-Challenge,39619ed2beb3426d1c2e724110d7302dd30c2d40,2026-08-09,,,6,0,2
hotorch/ptcg-ai-battle-strategy,https://github.com/hotorch/ptcg-ai-battle-strategy,20f44d2b508ec88af45e639be26f8cece78a5fdf,2026-09-13,LICENSE,MIT,676,0,0
knightynite/ptcg-ai-battle-agent,https://github.com/knightynite/ptcg-ai-battle-agent,539e4f9630cfe6c2e0687be0694919ef9da1e426,2026-08-10,LICENSE,MIT,96,0,0
pckhoa206/kaggle_challenge_pokemon,https://github.com/pckhoa206/kaggle_challenge_pokemon,5f4d209af8ef289e95a16741129a01cb3685446a,2026-07-16,,,27,4,1
rahulsiiitm/ptcg-rl-agent,https://github.com/rahulsiiitm/ptcg-rl-agent,e0b11f36d00d36219333a9ccd2cee818f1d8436d,2026-08-14,LICENSE,MIT,169,2,2
ronniepiku/pokemon-tcg-ai-battle-agent,https://github.com/ronniepiku/pokemon-tcg-ai-battle-agent,db6b7c56b686a9f056e6e4aefca1c281fe4472ba,2026-06-23,LICENSE,Apache-2.0,29,1,0
scha54/Kaggle-Pokemon,https://github.com/scha54/Kaggle-Pokemon,5f9c8931b8fe6ba591ba257e4f530630b80eb54c,2026-09-13,,,66,0,0
wmh/ptcg-abc,https://github.com/wmh/ptcg-abc,982b2ca5a08bad55323aa30458a34889c83f220e,2026-08-20,,,113,0,0
yijieyuan/kaggle-pokemon-tcg,https://github.com/yijieyuan/kaggle-pokemon-tcg,5b6d99c5a425849e4686df0197af98ab50d84f68,2026-09-13,,,50,0,0
ApexBlue11/pokemon-tcg-ismcts-agent,https://github.com/ApexBlue11/pokemon-tcg-ismcts-agent,7e5c79f99058dd98b131652359822abe3abc2643,2026-08-31,LICENSE,MIT,134,0,35
Builder106/tcg-cabt-lab,https://github.com/Builder106/tcg-cabt-lab,06098097f3224c3b6270756bb1e8fd491d3d5682,2026-10-05,LICENSE,MIT,21,0,0
CAB314/ptcg-ai-battle-agent,https://github.com/CAB314/ptcg-ai-battle-agent,b9d461a80007af74c6cad3386549fec369bf5764,2026-09-13,LICENSE,MIT,290,0,6
Gabriel-notme/ptcg-ai-battle-journey,https://github.com/Gabriel-notme/ptcg-ai-battle-journey,17c24de7056adcc89ffa71f30e70a03fb0a45641,2026-08-19,LICENSE,MIT,37,3,2
KleinHoumani/ptcg-selfplay-agent,https://github.com/KleinHoumani/ptcg-selfplay-agent,b8df752546967c68d26267d3d47124bb0b6925bf,2026-09-13,LICENSE,MIT,68,0,0
Leundai/cabt-replay-viewer,https://github.com/Leundai/cabt-replay-viewer,b4db90f16ac49fe12ae87494b90b8014e76f7546,2026-06-22,LICENSE,MIT,159,0,0
Michal1337/pkmn-kaggle,https://github.com/Michal1337/pkmn-kaggle,4fbf2c5d855061fb220db0110a55906118fd16e6,2026-09-13,,,75,0,0
NickZward/PTCG-AI-Challenge,https://github.com/NickZward/PTCG-AI-Challenge,28af16c6210b34ae7dbfc790d17a2ae677e88b68,2026-09-01,,,1161,0,0
Paschal-titre4015/ptcg-population-rl,https://github.com/Paschal-titre4015/ptcg-population-rl,4b50c92845dc2bbc8b7398467510009a3c0055fc,2026-10-09,LICENSE,Apache-2.0,244,0,0
Rorical/PokeMoon-public,https://github.com/Rorical/PokeMoon-public,fdbb8467218c1655650735a252d2dc9ecab5eb78,2026-09-07,LICENSE,MIT,212,0,0
SaltyTaro/gauntlet-ptcg,https://github.com/SaltyTaro/gauntlet-ptcg,4247d9effb1e60289d6be99dcad01f40a42fc3d0,2026-09-01,,,234,0,0
SebAustin/ptcg-ai-battle-challenge,https://github.com/SebAustin/ptcg-ai-battle-challenge,99ae4a7958f33ec9e5da44becddcde0f6e93a2b3,2026-06-23,,,18,0,0
XERO47/ptcg-ai-battle-temporal-il,https://github.com/XERO47/ptcg-ai-battle-temporal-il,b286dfe659cd13b1202a45d9d5ce3ce89fc5b867,2026-09-04,LICENSE,MIT,25,0,0
YoInaOwO/pokemon-tcg-ai-battle-9th,https://github.com/YoInaOwO/pokemon-tcg-ai-battle-9th,b4b037c81de7cc1a91a27d1d7d9226a2dbe5ea35,2026-09-14,,,66,0,0
ZzzzHE-bit/pokemon-tcg-ai-gated-search,https://github.com/ZzzzHE-bit/pokemon-tcg-ai-gated-search,ac5d067385e3a484b57ba0a60299fb17debeff46,2026-09-08,LICENSE,Apache-2.0,19,0,0
chukka-venugopalam/ptcg-ai-battle-research,https://github.com/chukka-venugopalam/ptcg-ai-battle-research,18a26aa81906958c853fb15a12543e6a295b7237,2026-10-07,,,65,4,0
dipamc/kaggle-ptcg-ai-battle,https://github.com/dipamc/kaggle-ptcg-ai-battle,a176778d99da74a44b495bf19299b4795faf12f2,2026-09-13,LICENSE,MIT,844,0,3
forone-ai/ptcg-great-tusk,https://github.com/forone-ai/ptcg-great-tusk,2049049dc6c221d330ae583f062fda230ead15e9,2026-09-14,LICENSE,MIT,216,0,0
horno1337/ptcg-agent,https://github.com/horno1337/ptcg-agent,a2e28936d746801077e777ec5316a98e08230dda,2026-09-16,LICENSE,MIT,694,0,14
kento-umeda-biz/kaggle-ptcg-solution,https://github.com/kento-umeda-biz/kaggle-ptcg-solution,929545fe6c9ce2ef4b87e20d406ae3d605d93ac5,2026-09-08,LICENSE,MIT,91,0,1
lamanbo22/Kaggle-pokemon-tcg-agent,https://github.com/lamanbo22/Kaggle-pokemon-tcg-agent,f5f014df5a6fd156d8b64b191df6573759e2e09f,2026-10-07,,,65,0,2
lionkyle/PTCG-AI-Battle-Challenge-Dragapult-ex-bot,https://github.com/lionkyle/PTCG-AI-Battle-Challenge-Dragapult-ex-bot,76c1d3faa12d86ad45d8be4d4f539fc6cbc27ce4,2026-09-03,,,65,0,0
marcmaldonadolorca/pokemon-tcg-battle-agent,https://github.com/marcmaldonadolorca/pokemon-tcg-battle-agent,cefab255cca9e6df607f7056d8bf650db098988a,2026-10-06,LICENSE,MIT,75,0,0
muran169633/ptcg-ai-battle-simulation,https://github.com/muran169633/ptcg-ai-battle-simulation,8996b09078caaed6a9bafed600018f633218774b,2026-09-11,,,578,0,0
oscar-chw/ptcg-ai-battle,https://github.com/oscar-chw/ptcg-ai-battle,45f2703e919a458773bf5f77dc76d32d8f380e21,2026-10-08,LICENSE,MIT,92,0,0
shintaro-amaike/pokemon-tcg-ai-battle-bronze-medal,https://github.com/shintaro-amaike/pokemon-tcg-ai-battle-bronze-medal,dfa9674d60ae4a173d7676f4d1900cbc4e9edfd0,2026-09-10,,,17,0,0
squidistaken/pokemon-tcg-ai,https://github.com/squidistaken/pokemon-tcg-ai,12aa1294797eb8fdfd74842850f1252c60e63434,2026-09-13,LICENSE,MIT,301,0,2
taichiiiiiiii/PTCG-AI-Battle-Challenge-Simulation-public,https://github.com/taichiiiiiiii/PTCG-AI-Battle-Challenge-Simulation-public,fba3bac05040f3c3a4f087d74ed7f30c8a22eee8,2026-09-23,,,30,0,8
tangaii/Kaggle---PTCG-AI-Battle-Challenge-Simulation-Bronze-Medal-Solution,https://github.com/tangaii/Kaggle---PTCG-AI-Battle-Challenge-Simulation-Bronze-Medal-Solution,147f95e3d74afa9a0f855573b3bdf68382ca9a91,2026-09-01,LICENSE,MIT,27,0,0
tawdesangeeta1973-coder/ptcg-belief-mcts,https://github.com/tawdesangeeta1973-coder/ptcg-belief-mcts,6bf101b942d172b95fe3bafe9f37e66ec5c17260,2026-09-10,LICENSE,MIT,10,0,0
wrqdoc/PokemonTCG-Kaggle,https://github.com/wrqdoc/PokemonTCG-Kaggle,e2bf28c4e8893cbaba614fa8cdf1470ecbd02517,2026-10-05,,,21,2,1
